ts,pid,rss_kb,pcpu
1790395847.546408000,39806,129360,66.7
1790395848.202065000,39806,234256,110.7
1790395848.817805000,39806,324032,126.6
1790395849.463310000,39806,348816,156.6
1790395850.127472000,39806,351072,35.0
1790395850.760386000,39806,350960,3.0
1790395851.363163000,39806,351104,0.3
1790395851.986763000,39806,353168,53.8
1790395852.597517000,39806,365984,52.7
1790395853.213928000,39806,366016,12.1
1790395853.836003000,39806,368160,22.9
1790395854.464442000,39806,368160,1.9
1790395855.067101000,39806,368976,55.5
1790395855.710617000,39806,370000,25.5
1790395856.353298000,39806,371072,37.2
1790395856.980201000,39806,372528,24.2
1790395857.586106000,39806,371024,7.1
1790395858.196527000,39806,371024,0.6
1790395858.858427000,39806,371200,36.1
1790395859.663443000,39806,369920,40.4
1790395860.767963000,39806,310000,25.5
1790395861.584432000,39806,313072,3.6
1790395862.357105000,39806,313952,28.4
1790395863.345158000,39806,314368,42.2
1790395864.127440000,39806,319024,36.2
1790395864.875771000,39806,335680,47.6
1790395865.655930000,39806,333936,8.2
1790395866.339605000,39806,333952,0.7
1790395867.138907000,39806,337312,34.7
1790395868.054158000,39806,339600,21.0
1790395868.827207000,39806,339872,47.0
1790395869.723245000,39806,343024,27.9
1790395870.509696000,39806,351408,63.2
1790395871.271807000,39806,351472,15.0
1790395871.993795000,39806,351568,25.2
1790395872.729074000,39806,351568,0.8
1790395873.525114000,39806,351872,2.6
1790395874.265084000,39806,349520,44.3
1790395875.055916000,39806,351376,22.5
1790395875.936124000,39806,351328,7.9
1790395876.680368000,39806,351328,8.7
1790395877.492845000,39806,351456,4.5
1790395878.201960000,39806,351840,22.0
1790395878.878651000,39806,351840,1.2
1790395879.579020000,39806,352816,29.8
1790395880.323682000,39806,352416,24.7
1790395880.957921000,39806,352544,10.5
1790395881.570184000,39806,352528,3.5
1790395882.186486000,39806,353120,8.4
1790395882.789378000,39806,353120,0.9
1790395883.394555000,39806,357024,56.3
1790395884.008406000,39806,357168,10.9
1790395884.614698000,39806,357168,1.3
1790395885.212925000,39806,357616,44.6
1790395885.826767000,39806,360160,39.7
1790395886.438068000,39806,362272,25.7
1790395887.053530000,39806,362224,15.6
1790395887.695531000,39806,362240,1.4
1790395888.318971000,39806,362576,33.7
1790395888.948382000,39806,362560,17.3
1790395889.578828000,39806,362512,7.2
1790395890.183525000,39806,362624,56.6
1790395890.788370000,39806,362960,51.4
1790395891.409203000,39806,362960,7.3
1790395892.081780000,39806,363024,25.5
1790395892.705826000,39806,363008,9.8
1790395893.310362000,39806,363008,35.7
1790395893.915257000,39806,363008,3.4
1790395894.545831000,39806,363008,37.9
1790395895.165137000,39806,363504,24.3
1790395895.807783000,39806,363504,6.6
1790395896.454193000,39806,363536,4.2
1790395897.067086000,39806,362496,4.1
1790395897.730129000,39806,361888,30.8
1790395898.343784000,39806,361920,7.5
1790395898.955604000,39806,361920,14.9
1790395899.572072000,39806,361792,1.3
1790395900.216370000,39806,362720,36.0
1790395900.822658000,39806,362352,7.6
1790395901.440342000,39806,362336,10.0
1790395902.069434000,39806,362304,3.3
1790395902.715750000,39806,362336,18.1
1790395903.324509000,39806,361504,21.5
1790395903.961019000,39806,361520,6.6
1790395904.585591000,39806,361504,7.5
1790395905.216233000,39806,361040,0.7
1790395905.822413000,39806,361968,28.7
1790395906.472477000,39806,361968,5.9
1790395907.118674000,39806,361984,12.9
1790395907.738709000,39806,361984,1.1
1790395908.348655000,39806,362000,47.9
1790395908.989702000,39806,361104,10.0
1790395909.617619000,39806,361104,18.3
1790395910.225153000,39806,361104,1.5
1790395910.859899000,39806,362032,41.8
1790395911.485629000,39806,362080,8.3
1790395912.119068000,39806,362000,3.8
1790395912.726304000,39806,362000,3.9
1790395913.331076000,39806,362016,15.8
1790395913.935772000,39806,361168,22.4
1790395914.550740000,39806,359088,6.8
1790395915.174779000,39806,355840,4.0
1790395915.798245000,39806,355840,17.0
1790395916.422374000,39806,356768,18.9
1790395917.062616000,39806,356768,4.6
1790395917.681234000,39806,356768,9.1
1790395918.300540000,39806,356768,0.7
1790395918.908213000,39806,355904,36.0
1790395919.566592000,39806,355920,9.8
1790395920.219524000,39806,317168,24.5
1790395920.879918000,39806,316688,2.0
1790395921.483030000,39806,319760,33.7
1790395922.121402000,39806,323168,14.3
1790395922.761223000,39806,323200,17.5
1790395923.391232000,39806,323200,2.5
1790395924.026733000,39806,323232,27.8
1790395924.672004000,39806,323280,46.6
1790395925.276456000,39806,323312,46.2
1790395925.908310000,39806,324176,35.1
1790395926.550366000,39806,324272,17.0
1790395927.189934000,39806,324208,4.2
1790395927.791873000,39806,324224,30.9
1790395928.399035000,39806,324224,44.5
1790395929.001083000,39806,324272,47.3
1790395929.606792000,39806,324288,46.5
1790395930.215653000,39806,324304,52.1
1790395930.843730000,39806,329664,50.5
1790395931.482570000,39806,329664,8.5
1790395932.099722000,39806,329616,4.1
1790395932.729447000,39806,330048,47.7
1790395933.340484000,39806,330208,31.4
1790395933.956955000,39806,330208,21.0
1790395934.592221000,39806,329104,32.1
1790395935.210544000,39806,329056,7.7
1790395935.823431000,39806,329104,24.4
1790395936.440469000,39806,329104,5.0
1790395937.114076000,39806,329152,16.8
1790395937.785247000,39806,330976,39.8
1790395938.404472000,39806,330976,7.1
1790395939.030484000,39806,331008,4.3
1790395939.669431000,39806,331024,8.8
1790395940.301503000,39806,331152,43.4
1790395940.917184000,39806,330720,45.6
1790395941.523636000,39806,330720,45.0
1790395942.149861000,39806,330800,34.6
1790395942.775818000,39806,330816,12.6
1790395943.389706000,39806,330752,5.5
1790395943.998964000,39806,330752,44.4
1790395944.613366000,39806,330752,46.9
1790395945.243819000,39806,330768,48.1
1790395945.852217000,39806,330768,47.4
1790395946.464920000,39806,330816,46.4
1790395947.065580000,39806,329936,48.2
1790395947.708745000,39806,330464,13.4
1790395948.345260000,39806,330464,3.4
1790395948.964281000,39806,330624,58.5
1790395949.569244000,39806,332560,61.4
1790395950.180166000,39806,332496,7.2
1790395950.804245000,39806,332624,27.4
1790395951.432184000,39806,332672,10.7
1790395952.052314000,39806,331328,4.0
1790395952.684543000,39806,331328,9.2
1790395953.331727000,39806,331328,0.7
1790395953.948398000,39806,332000,43.9
1790395954.572621000,39806,332016,7.8
1790395955.222119000,39806,331504,9.4
1790395955.825362000,39806,331504,0.7
1790395956.440546000,39806,331456,40.5
1790395957.042421000,39806,331472,46.8
1790395957.657823000,39806,331488,51.0
1790395958.267514000,39806,331600,28.9
1790395958.889166000,39806,331600,16.5
1790395959.557483000,39806,331552,5.8
1790395960.179954000,39806,331536,40.1
1790395960.784142000,39806,331536,44.9
1790395961.389463000,39806,331568,47.8
1790395961.999369000,39806,331568,47.2
1790395962.618969000,39806,331568,42.7
1790395963.247148000,39806,331728,31.9
1790395963.881449000,39806,331712,5.2
1790395964.498412000,39806,331776,31.0
1790395965.123973000,39806,332064,58.5
1790395965.764133000,39806,332080,15.7
1790395966.407781000,39806,332128,29.5
1790395967.034465000,39806,331088,15.5
1790395967.640842000,39806,331040,6.2
1790395968.262136000,39806,331040,36.8
1790395968.867084000,39806,331008,3.3
1790395969.491162000,39806,331008,37.1
1790395970.123422000,39806,332096,28.9
1790395970.754061000,39806,332080,5.0
1790395971.358148000,39806,332080,38.0
1790395971.967844000,39806,332080,45.6
1790395972.572529000,39806,332080,47.0
1790395973.180420000,39806,331744,26.0
1790395973.802854000,39806,331776,16.0
1790395974.432009000,39806,331744,5.0
1790395975.083947000,39806,331712,41.3
1790395975.694349000,39806,331728,45.9
1790395976.303374000,39806,331728,46.6
1790395976.902797000,39806,331728,47.1
1790395977.525303000,39806,331792,29.8
1790395978.162984000,39806,332304,17.8
1790395978.788583000,39806,332288,3.4
1790395979.403481000,39806,332288,42.3
1790395980.069353000,39806,331648,63.5
1790395980.739400000,39806,331648,9.0
1790395981.371408000,39806,330464,25.0
1790395981.993095000,39806,330464,11.9
1790395982.609419000,39806,330416,4.5
1790395983.219408000,39806,330400,13.5
1790395983.848015000,39806,330400,1.1
1790395984.456729000,39806,331376,37.4
1790395985.090915000,39806,332448,15.5
1790395985.724777000,39806,331984,19.6
1790395986.330831000,39806,331984,1.7
1790395986.940124000,39806,332000,34.3
1790395987.548531000,39806,331968,44.5
1790395988.167071000,39806,331968,47.8
1790395988.792922000,39806,332048,53.1
1790395989.433539000,39806,332080,22.7
1790395990.062953000,39806,332016,7.3
1790395990.677173000,39806,331984,33.4
1790395991.293666000,39806,331984,45.7
1790395991.902574000,39806,331984,46.6
1790395992.571009000,39806,330512,44.5
1790395993.187888000,39806,330560,42.3
1790395993.800792000,39806,330560,49.5
1790395994.416628000,39806,332880,54.1
1790395995.035160000,39806,330720,10.1
1790395995.649718000,39806,332032,64.8
1790395996.293341000,39806,333072,36.3
1790395996.916812000,39806,333056,5.5
1790395997.526016000,39806,333616,53.4
1790395998.168002000,39806,333664,19.4
1790395998.806445000,39806,333680,30.3
1790395999.419354000,39806,333744,15.6
1790396000.045864000,39806,333712,5.6
1790396000.693666000,39806,333696,16.2
1790396001.318863000,39806,333696,2.4
1790396001.917993000,39806,333408,35.9
1790396002.538378000,39806,333616,13.0
1790396003.167825000,39806,333600,4.7
1790396003.772133000,39806,333584,7.1
1790396004.409666000,39806,333056,0.5
1790396005.008382000,39806,337664,57.1
1790396005.636228000,39806,336272,31.8
1790396006.280354000,39806,336080,4.9
1790396006.951391000,39806,336080,0.1
1790396007.593916000,39806,336560,46.9
1790396008.208181000,39806,336640,16.0
1790396008.852364000,39806,336640,1.4
1790396009.471757000,39806,336656,41.4
1790396010.074721000,39806,337600,60.7
1790396010.683263000,39806,338544,36.9
1790396011.309016000,39806,338384,13.0
1790396011.916011000,39806,337872,2.0
1790396012.538485000,39806,338144,39.5
1790396013.159099000,39806,340960,35.1
1790396013.785749000,39806,341008,46.9
1790396014.408199000,39806,341696,28.9
1790396015.035418000,39806,340768,9.7
1790396016.924066000,49244,46512,33.9
1790396017.546760000,49244,148704,84.9
1790396018.172598000,49244,288784,104.5
1790396018.793827000,49244,330944,150.7
1790396019.417519000,49244,340752,160.8
1790396020.028347000,49244,343152,33.4
1790396020.640421000,49244,345168,4.4
1790396021.286771000,49244,347664,0.2
1790396021.908997000,49244,370592,75.4
1790396022.542285000,49244,368816,22.0
1790396023.227346000,49244,368864,3.0
1790396023.883107000,49244,368864,0.2
1790396024.514029000,49244,370368,48.4
1790396025.122673000,49244,370384,28.0
1790396025.749725000,49244,370384,2.4
1790396026.390135000,49244,370464,43.7
1790396026.996520000,49244,370640,49.2
1790396027.633251000,49244,377008,75.8
1790396028.290488000,49244,376960,17.1
1790396028.941900000,49244,375616,4.4
1790396029.564561000,49244,375648,16.1
1790396030.179452000,49244,376800,69.7
1790396030.811722000,49244,376768,17.7
1790396031.449145000,49244,377680,49.6
1790396032.056877000,49244,376800,29.8
1790396032.667774000,49244,377296,39.5
1790396033.289591000,49244,377904,16.6
1790396033.909990000,49244,377936,56.3
1790396034.528197000,49244,377936,5.7
1790396035.179938000,49244,378096,34.6
1790396035.798965000,49244,378720,24.5
1790396036.408812000,49244,378864,9.8
1790396037.033592000,49244,378928,40.2
1790396037.651404000,49244,379152,19.7
1790396038.265006000,49244,378528,35.5
1790396038.888958000,49244,382272,52.9
1790396039.548786000,49244,382144,17.0
1790396040.202877000,49244,353728,32.5
1790396040.884642000,49244,353728,3.0
1790396041.569492000,49244,352176,12.1
1790396042.184700000,49244,352176,1.0
1790396042.793874000,49244,353824,37.7
1790396043.419421000,49244,353968,21.9
1790396044.064062000,49244,353888,10.2
1790396044.713554000,49244,353904,9.5
1790396045.345209000,49244,354080,31.3
1790396045.980449000,49244,354080,1.7
1790396046.599521000,49244,354512,9.8
1790396047.226547000,49244,354512,0.8
1790396047.843368000,49244,354976,35.3
1790396048.486747000,49244,355728,20.1
1790396049.115946000,49244,355728,9.1
1790396049.731264000,49244,355952,9.6
1790396050.359729000,49244,356000,4.1
1790396050.970569000,49244,356000,7.5
1790396051.596644000,49244,359216,63.0
1790396052.212439000,49244,359360,7.9
1790396052.849501000,49244,359360,0.6
1790396053.460360000,49244,359552,39.5
1790396054.081799000,49244,363440,48.5
1790396054.758177000,49244,363024,11.1
1790396055.403861000,49244,363424,9.4
1790396056.038756000,49244,363488,29.6
1790396056.638274000,49244,362192,34.1
1790396057.270475000,49244,362256,15.2
1790396057.917740000,49244,362160,5.4
1790396058.528551000,49244,362416,60.8
1790396059.147890000,49244,362896,50.6
1790396059.788771000,49244,362864,7.8
1790396060.390062000,49244,361936,22.2
1790396061.007982000,49244,361888,9.9
1790396061.660277000,49244,361840,24.1
1790396062.272378000,49244,361840,2.3
1790396062.896973000,49244,361856,38.4
1790396063.525690000,49244,365408,27.8
1790396064.179445000,49244,362912,9.7
1790396064.824044000,49244,362928,4.1
1790396065.431419000,49244,362880,16.1
1790396066.065860000,49244,362192,29.2
1790396066.686763000,49244,362192,8.9
1790396067.299393000,49244,362272,29.1
1790396067.944433000,49244,362304,17.1
1790396068.582118000,49244,362288,8.6
1790396069.240453000,49244,362128,4.9
1790396069.876246000,49244,362112,8.5
1790396070.491458000,49244,362112,0.7
1790396071.124117000,49244,362704,24.5
1790396071.730138000,49244,363168,14.0
1790396072.342059000,49244,363168,26.7
1790396072.971173000,49244,362480,2.2
1790396073.607964000,49244,362496,44.8
1790396074.212199000,49244,361776,52.5
1790396074.833047000,49244,361680,28.1
1790396075.475557000,49244,361696,9.3
1790396076.112096000,49244,361648,6.3
1790396076.733240000,49244,361616,5.4
1790396077.343564000,49244,361600,5.0
1790396077.964220000,49244,361600,0.4
1790396078.618514000,49244,362992,24.8
1790396079.242218000,49244,362592,6.8
1790396079.890479000,49244,362560,9.9
1790396080.519861000,49244,362512,0.8
1790396081.147737000,49244,362528,38.9
1790396081.780451000,49244,361680,40.3
1790396082.399021000,49244,361744,17.7
1790396083.022909000,49244,359456,14.1
1790396083.696764000,49244,359392,4.6
1790396084.340724000,49244,359344,20.7
1790396084.957016000,49244,359344,1.8
1790396085.593460000,49244,359344,35.6
1790396086.208101000,49244,360336,20.4
1790396086.847492000,49244,360320,6.0
1790396087.468987000,49244,360352,6.0
1790396088.080868000,49244,360496,0.4
1790396088.722112000,49244,360608,31.3
1790396089.335601000,49244,359792,37.2
1790396089.966948000,49244,359792,14.3
1790396090.607002000,49244,359792,9.9
1790396091.230097000,49244,359696,2.8
1790396091.888316000,49244,359696,7.7
1790396092.509134000,49244,359696,0.5
1790396093.114628000,49244,359744,36.7
1790396093.763588000,49244,360688,13.4
1790396094.431763000,49244,360656,23.8
1790396095.054070000,49244,360656,2.6
1790396095.667785000,49244,360752,42.8
1790396096.287197000,49244,359856,49.5
1790396096.898333000,49244,359936,26.1
1790396097.509947000,49244,359408,10.5
1790396098.118819000,49244,359392,7.8
1790396098.734858000,49244,359360,3.9
1790396099.351623000,49244,359328,10.9
1790396099.965562000,49244,359328,0.9
1790396100.777370000,49244,357072,23.3
1790396101.500410000,49244,357456,8.2
1790396102.107888000,49244,357472,11.4
1790396102.716610000,49244,357472,1.0
1790396103.322858000,49244,357520,44.7
1790396103.936587000,49244,357520,54.5
1790396104.557447000,49244,357520,54.8
1790396105.178444000,49244,357712,39.9
1790396105.827569000,49244,357728,17.5
1790396106.438759000,49244,357648,5.9
1790396107.041475000,49244,357648,36.9
1790396107.653765000,49244,357664,51.8
1790396108.269071000,49244,357728,55.5
1790396108.885358000,49244,357728,51.0
1790396109.503616000,49244,357696,53.2
1790396110.133428000,49244,357712,56.5
1790396110.752896000,49244,376368,65.8
1790396111.391180000,49244,374624,47.9
1790396112.040189000,49244,373040,10.6
1790396112.670108000,49244,373040,56.4
1790396113.298891000,49244,374272,35.2
1790396113.934903000,49244,372976,18.5
1790396114.553516000,49244,372944,33.1
1790396115.168048000,49244,372880,9.0
1790396115.789310000,49244,372816,18.6
1790396116.407035000,49244,372816,6.6
1790396117.014746000,49244,372704,9.6
1790396117.621004000,49244,373360,44.0
1790396118.266013000,49244,373152,14.5
1790396118.912246000,49244,373072,14.8
1790396119.539095000,49244,373072,1.2
1790396120.153101000,49244,373040,44.5
1790396120.765192000,49244,372976,52.6
1790396121.366327000,49244,372944,53.0
1790396121.984171000,49244,372976,41.1
1790396122.646569000,49244,372880,16.1
1790396123.272301000,49244,372768,12.5
1790396123.882183000,49244,372768,47.3
1790396124.490561000,49244,372736,53.0
1790396125.106559000,49244,372720,52.8
1790396125.717962000,49244,372720,52.5
1790396126.322887000,49244,372688,52.1
1790396126.933336000,49244,372688,41.0
1790396127.551493000,49244,381376,78.2
1790396128.188476000,49244,375040,57.8
1790396128.805115000,49244,375056,35.7
1790396129.410137000,49244,374816,66.1
1790396130.039910000,49244,374704,8.2
1790396130.674799000,49244,374752,27.9
1790396131.306159000,49244,374784,12.1
1790396131.933489000,49244,373632,4.1
1790396132.538706000,49244,373632,11.1
1790396133.148810000,49244,373536,0.7
1790396133.768538000,49244,374528,43.1
1790396134.385676000,49244,375456,20.6
1790396134.995472000,49244,374960,7.1
1790396135.622659000,49244,374960,2.7
1790396136.425111000,49244,374928,24.4
1790396137.162484000,49244,374928,42.5
1790396138.228630000,49244,374928,50.2
1790396139.045700000,49244,374928,44.7
1790396139.987359000,49244,374880,47.5
1790396140.879426000,49244,374960,28.7
1790396141.773736000,49244,374928,7.9
1790396142.518240000,49244,374928,27.4
1790396143.453067000,49244,374944,40.5
1790396144.328979000,49244,374400,49.0
1790396145.349950000,49244,374416,43.7
1790396146.277427000,49244,374384,48.6
1790396147.023985000,49244,374384,44.8
1790396148.076605000,49244,374384,47.9
1790396148.886041000,49244,374288,35.5
1790396149.585485000,49244,381376,79.3
1790396150.602807000,49244,375424,27.1
1790396151.470889000,49244,375312,68.1
1790396152.246103000,49244,375168,21.8
1790396153.080530000,49244,374224,31.5
1790396153.970032000,49244,374128,7.0
1790396154.710670000,49244,374048,19.2
1790396155.380888000,49244,374048,0.9
1790396156.144152000,49244,373824,49.7
1790396157.005848000,49244,374992,39.7
1790396157.782120000,49244,375056,25.5
1790396158.564454000,49244,374944,8.3
1790396159.435489000,49244,363904,23.2
1790396160.183028000,49244,359792,1.1
1790396161.215743000,49244,310688,45.9
1790396161.838629000,49244,311120,52.9
1790396162.460370000,49244,312912,52.5
1790396163.079573000,49244,312688,22.1
1790396163.713181000,49244,312736,51.4
1790396164.323366000,49244,313136,55.7
1790396164.935160000,49244,345936,60.6
1790396165.655300000,49244,352672,91.2
1790396166.350708000,49244,351488,17.5
1790396166.956531000,49244,352192,62.8
1790396167.590937000,49244,352192,11.0
1790396168.232135000,49244,352304,22.7
1790396168.851095000,49244,352352,14.6
1790396169.455326000,49244,352288,6.0
1790396170.076188000,49244,352304,16.0
1790396170.704720000,49244,352304,1.4
1790396171.331741000,49244,352752,41.2
1790396171.965561000,49244,353216,25.4
1790396172.606612000,49244,352672,6.9
1790396173.233790000,49244,352688,5.1
1790396173.837787000,49244,352576,7.9
1790396174.458899000,49244,352592,50.3
1790396175.066081000,49244,352592,52.7
1790396175.679713000,49244,351936,53.8
1790396176.291670000,49244,352032,32.7
1790396176.931110000,49244,351664,13.4
1790396177.564176000,49244,351600,16.7
1790396178.172846000,49244,351600,49.2
1790396178.780414000,49244,351600,53.2
1790396179.395894000,49244,351648,53.8
1790396180.007123000,49244,351648,53.1
1790396180.608024000,49244,351680,59.3
1790396181.225484000,49244,359664,67.5
1790396181.854480000,49244,358224,32.9
1790396182.480866000,49244,357968,66.1
1790396183.100017000,49244,363936,57.8
1790396183.769754000,49244,359152,35.3
1790396184.398333000,49244,359248,64.7
1790396184.997489000,49244,359312,63.6
1790396185.617068000,49244,359264,8.9
1790396186.262804000,49244,359312,25.1
1790396186.905822000,49244,359296,9.9
1790396187.518735000,49244,359312,7.9
1790396188.138839000,49244,359328,8.0
1790396188.782703000,49244,359328,0.7
1790396189.412391000,49244,361024,41.4
1790396190.053035000,49244,359056,13.2
1790396190.690478000,49244,359040,19.8
1790396191.316403000,49244,359040,1.7
1790396191.945183000,49244,358976,41.6
1790396192.568861000,49244,363744,41.9
1790396193.208854000,49244,363776,13.1
1790396193.842903000,49244,362752,18.6
1790396194.454583000,49244,362688,1.5
1790396195.075126000,49244,362720,48.9
1790396195.713010000,49244,362752,12.7
1790396196.344945000,49244,362736,24.1
1790396196.975608000,49244,364928,38.1
1790396197.587639000,49244,364224,15.1
1790396198.202267000,49244,362512,1.5
1790396200.071110000,58646,123216,38.3
1790396200.707758000,58646,183616,92.8
1790396201.327963000,58646,315232,145.5
1790396202.027212000,58646,350832,196.5
1790396202.654395000,58646,344128,83.9
1790396203.309709000,58646,345328,11.6
1790396203.935027000,58646,344848,0.8
1790396204.536298000,58646,353824,55.5
1790396205.161374000,58646,368432,53.2
1790396205.792944000,58646,367296,10.8
1790396206.421655000,58646,367168,1.3
1790396207.028940000,58646,368272,33.7
1790396207.641777000,58646,368544,47.1
1790396208.249655000,58646,368656,10.4
1790396208.868874000,58646,368672,0.8
1790396209.512413000,58646,368608,44.8
1790396210.156184000,58646,375104,70.9
1790396210.799372000,58646,375152,29.8
1790396211.438436000,58646,375008,8.8
1790396212.088349000,58646,372624,0.6
1790396212.732125000,58646,373936,54.8
1790396213.365739000,58646,373056,19.8
1790396213.989780000,58646,373952,47.9
1790396214.604384000,58646,375088,23.7
1790396215.215680000,58646,374496,31.2
1790396215.822588000,58646,375648,30.4
1790396216.456356000,58646,375600,37.5
1790396217.092060000,58646,375680,10.6
1790396217.697579000,58646,375600,1.5
1790396218.344257000,58646,376560,52.7
1790396218.977501000,58646,375968,25.1
1790396219.629720000,58646,375296,47.0
1790396220.309293000,58646,354640,42.3
1790396220.960500000,58646,355360,25.0
1790396221.621860000,58646,354304,2.2
1790396222.270754000,58646,352848,6.4
1790396222.881755000,58646,352832,0.5
1790396223.506743000,58646,354544,39.0
1790396224.149691000,58646,354816,18.2
1790396224.769315000,58646,354560,7.9
1790396225.371577000,58646,354480,6.1
1790396226.003629000,58646,354544,18.3
1790396226.638811000,58646,354528,1.5
1790396227.254785000,58646,354704,9.0
1790396227.923595000,58646,354656,0.7
1790396228.567820000,58646,354912,35.2
1790396229.197569000,58646,354912,16.0
1790396229.807336000,58646,354240,11.4
1790396230.448679000,58646,354304,17.3
1790396231.113200000,58646,354160,2.3
1790396231.748893000,58646,354432,35.2
1790396232.380062000,58646,356832,14.4
1790396233.038615000,58646,356960,2.2
1790396233.667760000,58646,357632,35.3
1790396234.283202000,58646,357680,18.6
1790396234.921460000,58646,362304,43.5
1790396235.570108000,58646,360464,28.8
1790396236.189429000,58646,360832,2.7
1790396236.797066000,58646,359808,40.1
1790396237.429412000,58646,360096,29.0
1790396238.059762000,58646,360048,11.3
1790396238.683678000,58646,360064,34.9
1790396239.314985000,58646,361088,67.5
1790396239.972792000,58646,361104,12.1
1790396240.612729000,58646,361152,28.7
1790396241.233359000,58646,361168,11.3
1790396241.849501000,58646,360928,35.2
1790396242.489125000,58646,360912,4.1
1790396243.105482000,58646,359760,32.5
1790396243.729474000,58646,362176,34.1
1790396244.368772000,58646,360784,11.3
1790396245.007107000,58646,360752,8.1
1790396245.622726000,58646,360720,0.5
1790396246.224949000,58646,360976,48.1
1790396246.827807000,58646,360160,50.8
1790396247.446548000,58646,360192,17.6
1790396248.064203000,58646,360128,12.4
1790396248.688955000,58646,360080,4.0
1790396249.331720000,58646,359872,3.4
1790396249.944349000,58646,359872,3.6
1790396250.547121000,58646,359872,29.8
1790396251.167910000,58646,361312,23.8
1790396251.786308000,58646,360848,5.8
1790396252.383913000,58646,360832,5.8
1790396253.008779000,58646,360752,0.4
1790396253.644749000,58646,360512,26.4
1790396254.254129000,58646,359696,29.8
1790396254.919750000,58646,359664,12.8
1790396255.550685000,58646,359680,8.1
1790396256.174398000,58646,359632,3.2
1790396256.808231000,58646,359600,3.3
1790396257.420583000,58646,359600,3.1
1790396258.026252000,58646,359488,16.6
1790396258.641172000,58646,360944,21.6
1790396259.275282000,58646,360528,6.5
1790396259.882482000,58646,360496,9.0
1790396260.504580000,58646,360416,0.7
1790396261.204332000,58646,360496,31.6
1790396261.847049000,58646,359760,39.3
1790396262.466200000,58646,359696,13.5
1790396263.094705000,58646,359712,10.1
1790396263.754854000,58646,356672,4.0
1790396264.371991000,58646,356640,11.3
1790396264.996464000,58646,356640,1.0
1790396265.608029000,58646,356672,40.4
1790396266.242899000,58646,357616,13.3
1790396266.858406000,58646,357600,3.8
1790396267.465127000,58646,357600,2.8
1790396268.099570000,58646,357632,22.7
1790396268.711889000,58646,356784,24.1
1790396269.320865000,58646,356848,35.4
1790396269.940667000,58646,356848,14.1
1790396270.587360000,58646,356832,6.6
1790396271.213850000,58646,356784,3.5
1790396271.847445000,58646,356768,10.1
1790396272.495167000,58646,356768,0.4
1790396273.143579000,58646,357312,23.8
1790396273.767958000,58646,357776,8.5
1790396274.384857000,58646,357744,11.9
1790396275.037501000,58646,357696,0.9
1790396275.650492000,58646,357648,41.1
1790396276.264062000,58646,356816,40.5
1790396276.892659000,58646,356880,16.5
1790396277.527479000,58646,356864,11.0
1790396278.151306000,58646,356816,3.5
1790396278.795180000,58646,356800,16.9
1790396279.422528000,58646,356768,2.2
1790396280.072061000,58646,354080,35.3
1790396280.897143000,58646,354912,18.8
1790396281.515037000,58646,354864,4.7
1790396282.133683000,58646,354848,4.1
1790396282.770050000,58646,354800,1.5
1790396283.378948000,58646,354800,43.4
1790396283.992829000,58646,354800,45.1
1790396284.607309000,58646,354880,45.6
1790396285.227615000,58646,354976,26.4
1790396285.879591000,58646,354960,8.4
1790396286.494774000,58646,354912,21.4
1790396287.101477000,58646,354912,44.5
1790396287.708008000,58646,354912,47.7
1790396288.316532000,58646,354928,45.5
1790396288.917654000,58646,354928,53.4
1790396289.542094000,58646,362112,61.5
1790396290.212753000,58646,371008,91.1
1790396290.860162000,58646,369216,23.1
1790396291.487369000,58646,370080,49.0
1790396292.092741000,58646,370032,11.1
1790396292.722655000,58646,370288,27.9
1790396293.367079000,58646,370384,19.4
1790396293.991322000,58646,370336,5.3
1790396294.598722000,58646,370336,25.8
1790396295.258127000,58646,370272,1.3
1790396295.878901000,58646,370304,35.9
1790396296.511957000,58646,369744,38.9
1790396297.185362000,58646,369360,11.1
1790396297.841143000,58646,369344,14.7
1790396298.477778000,58646,369344,1.2
1790396299.083514000,58646,369296,36.2
1790396299.685458000,58646,369296,45.9
1790396300.294001000,58646,369296,45.8
1790396300.903365000,58646,369424,35.4
1790396301.528826000,58646,369440,21.3
1790396302.164837000,58646,369344,5.6
1790396302.769597000,58646,369296,2.9
1790396303.376401000,58646,369296,35.6
1790396303.985023000,58646,369328,45.8
1790396304.619129000,58646,369296,45.4
1790396305.235160000,58646,369296,47.8
1790396305.847647000,58646,369312,47.0
1790396306.457909000,58646,368944,30.7
1790396307.122535000,58646,378432,82.6
1790396307.852727000,58646,373376,43.4
1790396308.468190000,58646,373040,40.1
1790396309.095132000,58646,374480,26.1
1790396309.741845000,58646,374560,33.3
1790396310.373706000,58646,374656,33.8
1790396310.982884000,58646,374656,7.5
1790396311.596194000,58646,374576,13.4
1790396312.210421000,58646,374576,7.4
1790396312.821241000,58646,374512,1.6
1790396313.441682000,58646,376480,46.7
1790396314.078512000,58646,377152,40.6
1790396314.693351000,58646,374864,7.0
1790396315.303399000,58646,374816,18.3
1790396315.935771000,58646,374816,1.5
1790396316.574521000,58646,374768,34.2
1790396317.181351000,58646,374768,46.0
1790396317.782531000,58646,374768,46.3
1790396318.401309000,58646,374880,31.9
1790396319.026491000,58646,374816,24.1
1790396319.641732000,58646,374784,7.5
1790396320.280918000,58646,374704,24.4
1790396320.883395000,58646,374704,43.7
1790396321.488784000,58646,374720,47.0
1790396322.098049000,58646,374720,47.4
1790396322.711508000,58646,374720,50.6
1790396323.331497000,58646,376464,47.7
1790396323.966206000,58646,381216,64.4
1790396324.606394000,58646,373504,28.8
1790396325.233254000,58646,373632,58.9
1790396325.853191000,58646,375296,73.1
1790396326.490302000,58646,375296,11.8
1790396327.123508000,58646,375344,25.1
1790396327.763691000,58646,375408,13.4
1790396328.375073000,58646,375328,4.9
1790396329.012623000,58646,374208,9.4
1790396329.638659000,58646,374208,1.2
1790396330.259139000,58646,374448,49.0
1790396330.901057000,58646,375488,59.2
1790396331.525137000,58646,375120,21.3
1790396332.130386000,58646,375120,9.8
1790396332.749864000,58646,375120,22.4
1790396333.390987000,58646,375072,1.2
1790396334.021711000,58646,375072,38.7
1790396334.633822000,58646,375072,44.8
1790396335.247793000,58646,375072,45.9
1790396335.850165000,58646,375072,47.2
1790396336.454228000,58646,374960,39.8
1790396337.073339000,58646,382944,73.7
1790396337.735124000,58646,376144,77.2
1790396338.342655000,58646,376128,29.3
1790396338.970542000,58646,377488,57.7
1790396339.605514000,58646,376288,7.2
1790396340.275008000,58646,356336,29.1
1790396340.929461000,58646,356240,10.1
1790396341.556001000,58646,356208,3.0
1790396342.179899000,58646,356368,7.8
1790396342.812694000,58646,356304,0.5
1790396343.450974000,58646,360672,45.6
1790396344.118000000,58646,361920,39.0
1790396344.739609000,58646,361408,7.0
1790396345.341535000,58646,361408,7.8
1790396345.957776000,58646,361408,0.5
1790396346.605268000,58646,361360,39.9
1790396347.211940000,58646,361360,46.6
1790396347.821744000,58646,361424,54.8
1790396348.464111000,58646,361568,39.2
1790396349.093314000,58646,361520,10.7
1790396349.706968000,58646,361392,5.5
1790396350.315145000,58646,361360,39.1
1790396350.916755000,58646,361360,46.3
1790396351.523872000,58646,361376,46.8
1790396352.132207000,58646,361376,48.1
1790396352.743664000,58646,361376,48.4
1790396353.360419000,58646,371024,51.4
1790396353.993528000,58646,362928,19.7
1790396354.614703000,58646,363088,65.9
1790396355.226510000,58646,366624,56.6
1790396355.854089000,58646,363264,28.5
1790396356.454509000,58646,363232,8.4
1790396357.093371000,58646,362400,53.2
1790396357.717736000,58646,362544,23.1
1790396358.341694000,58646,362560,27.5
1790396358.967949000,58646,361840,16.4
1790396359.597520000,58646,361760,5.8
1790396360.208721000,58646,361760,21.5
1790396360.863017000,58646,361760,1.9
1790396361.490136000,58646,362880,39.3
1790396362.105320000,58646,364592,41.0
1790396362.742757000,58646,364048,10.4
1790396363.379229000,58646,364000,11.7
1790396364.006300000,58646,363968,1.2
1790396364.607618000,58646,363920,35.3
1790396365.219485000,58646,363920,45.4
1790396365.830472000,58646,363968,39.7
1790396366.460370000,58646,364016,22.4
1790396367.088306000,58646,363872,10.1
1790396367.737919000,58646,363792,3.5
1790396368.362400000,58646,363776,40.8
1790396368.984252000,58646,363776,45.8
1790396369.595058000,58646,363840,47.3
1790396370.210978000,58646,363872,46.8
1790396370.818039000,58646,363872,46.1
1790396371.439747000,58646,362288,25.8
1790396372.078456000,58646,369776,58.9
1790396372.697658000,58646,365536,31.8
1790396373.306113000,58646,365792,51.9
1790396373.933672000,58646,365520,68.0
1790396374.576369000,58646,365504,8.8
1790396375.213864000,58646,365520,38.5
1790396375.854147000,58646,365600,14.7
1790396376.488311000,58646,364704,4.7
1790396377.111939000,58646,364656,20.4
1790396377.723191000,58646,364656,1.7
1790396378.337327000,58646,365584,35.1
1790396378.978741000,58646,367440,40.8
1790396379.649339000,58646,366880,11.0
1790396380.267914000,58646,366832,15.6
1790396380.922467000,58646,366832,0.7
1790396381.564532000,58646,366752,38.6
1790396382.173115000,58646,366752,45.1
1790396382.795971000,58646,366752,45.2
1790396383.403927000,58646,366784,27.6
1790396384.011426000,58646,366752,18.4
1790396384.652545000,58646,366640,6.0
1790396385.253120000,58646,366608,33.9
1790396385.856185000,58646,366608,44.6
1790396386.465887000,58646,366608,47.9
1790396387.070697000,58646,366608,46.0
1790396387.673831000,58646,366608,51.9
1790396388.292300000,58646,372816,66.8
1790396389.158758000,58646,366432,69.4
1790396389.778287000,58646,366432,38.3
1790396390.385677000,58646,367968,37.5
1790396390.990131000,58646,367904,8.3
1790396391.616703000,58646,368016,26.5
1790396392.243954000,58646,368000,8.6
1790396392.856115000,58646,367952,34.0
1790396393.467895000,58646,367952,4.0
1790396394.091263000,58646,367984,29.1
1790396394.728461000,58646,368816,41.7
1790396395.401890000,58646,368416,21.5
1790396396.022275000,58646,368352,4.6
1790396396.624057000,58646,368032,3.2
1790396397.238589000,58646,368112,16.6
1790396397.851823000,58646,368064,44.0
1790396398.461041000,58646,368064,45.1
1790396399.070812000,58646,368112,36.3
1790396399.735446000,58646,368208,21.5
1790396400.362447000,58646,352128,6.5
1790396401.034992000,58646,351952,35.3
1790396401.664869000,58646,352160,47.9
1790396402.271356000,58646,352400,47.0
1790396402.879120000,58646,352368,49.2
1790396403.493730000,58646,352784,46.4
1790396404.112424000,58646,365792,58.9
1790396404.733577000,58646,363392,44.5
1790396405.375851000,58646,362976,25.2
1790396405.997070000,58646,363584,56.4
1790396406.628939000,58646,364416,15.1
1790396407.261215000,58646,364432,40.6
1790396407.903883000,58646,364512,23.5
1790396408.532967000,58646,363424,7.1
1790396409.154539000,58646,363312,35.4
1790396409.763229000,58646,362944,3.3
1790396410.368129000,58646,363024,36.5
1790396410.986367000,58646,366128,45.6
1790396411.627743000,58646,363792,17.0
1790396412.270378000,58646,363776,12.3
1790396412.910488000,58646,363776,2.4
1790396413.507415000,58646,363792,25.4
1790396414.119337000,58646,363744,44.8
1790396414.727481000,58646,363712,56.4
1790396415.353433000,58646,363808,37.4
1790396415.990831000,58646,363728,9.8
1790396416.631653000,58646,363568,16.3
1790396417.245006000,58646,363200,43.0
1790396417.843126000,58646,363232,45.9
1790396418.448360000,58646,363280,46.0
1790396419.064213000,58646,363280,46.9
1790396419.683961000,58646,363664,42.8
1790396420.366925000,58646,368816,57.4
1790396421.028817000,58646,364416,24.9
1790396421.670254000,58646,364400,51.4
1790396422.286640000,58646,365920,36.2
1790396422.913632000,58646,365984,5.7
1790396423.520935000,58646,366192,29.1
1790396424.135498000,58646,366192,12.5
1790396424.739016000,58646,366112,4.2
1790396425.380331000,58646,366112,7.6
1790396425.994706000,58646,366048,0.7
1790396426.600039000,58646,364992,47.9
1790396427.253952000,58646,365216,35.9
1790396427.904762000,58646,365200,6.0
1790396428.510916000,58646,365184,5.4
1790396429.118709000,58646,365184,0.4
1790396429.760932000,58646,365120,43.0
1790396430.360584000,58646,365120,44.9
1790396431.002423000,58646,365152,34.2
1790396431.638607000,58646,365200,20.8
1790396432.262296000,58646,365088,5.9
1790396432.871740000,58646,365024,35.6
1790396433.472133000,58646,365040,45.7
1790396434.079554000,58646,365056,46.5
1790396434.688154000,58646,365056,47.4
1790396435.299125000,58646,365056,49.2
1790396435.913447000,58646,371360,66.0
1790396436.539898000,58646,366624,70.9
1790396437.199723000,58646,366240,36.2
1790396437.848097000,58646,368544,43.4
1790396438.490583000,58646,368496,6.5
1790396439.094333000,58646,368528,27.0
1790396439.735918000,58646,368576,11.0
1790396440.370573000,58646,368512,4.2
1790396440.990262000,58646,367552,8.6
1790396441.625508000,58646,367520,0.6
1790396442.286708000,58646,366432,44.1
1790396442.934513000,58646,366864,36.5
1790396443.538848000,58646,366848,6.5
1790396444.147918000,58646,366848,6.9
1790396444.784609000,58646,366816,0.5
1790396445.400331000,58646,366768,41.5
1790396446.004104000,58646,366768,46.1
1790396446.635984000,58646,366784,49.0
1790396447.264430000,58646,366784,28.8
1790396447.887111000,58646,366704,9.8
1790396448.512590000,58646,366608,24.0
1790396449.120565000,58646,366608,46.7
1790396449.730786000,58646,366608,46.8
1790396450.334682000,58646,366608,46.6
1790396450.944793000,58646,366608,50.1
1790396451.554710000,58646,370112,49.9
1790396452.181537000,58646,374688,80.2
1790396452.825807000,58646,367808,25.5
1790396453.471647000,58646,368192,59.4
1790396454.093278000,58646,368160,8.5
1790396454.705746000,58646,368144,45.2
1790396455.330301000,58646,368272,18.7
1790396455.960627000,58646,368256,6.1
1790396456.594917000,58646,368192,21.9
1790396457.209454000,58646,368192,1.8
1790396457.862126000,58646,368128,38.0
1790396458.498958000,58646,368000,39.4
1790396459.122703000,58646,367232,12.7
1790396459.741682000,58646,367216,3.4
1790396460.366434000,58646,346768,3.2
1790396460.966407000,58646,346896,3.3
1790396461.579901000,58646,346976,42.4
1790396462.190069000,58646,346976,46.2
1790396462.794919000,58646,347680,33.1
1790396463.420912000,58646,347712,20.0
1790396464.051569000,58646,347680,6.5
1790396464.661319000,58646,347616,35.2
1790396465.282889000,58646,347552,44.2
1790396465.896949000,58646,347536,46.7
1790396466.510493000,58646,347536,46.6
1790396467.118024000,58646,347536,51.4
1790396467.740923000,58646,356512,62.2
1790396468.382083000,58646,359296,56.0
1790396469.068215000,58646,358608,29.2
1790396469.701399000,58646,358128,67.0
1790396470.329464000,58646,358912,17.0
1790396470.978875000,58646,358928,35.6
1790396471.591026000,58646,359040,24.9
1790396472.231059000,58646,359024,7.2
1790396472.868032000,58646,358976,34.6
1790396473.475178000,58646,358976,3.5
1790396474.079573000,58646,358976,8.7
1790396474.693504000,58646,359152,48.2
1790396475.328784000,58646,356880,34.0
1790396475.967656000,58646,356800,15.3
1790396476.643880000,58646,356768,1.3
1790396477.256956000,58646,356768,35.9
1790396477.866172000,58646,356736,47.3
1790396478.484716000,58646,356768,37.0
1790396479.124157000,58646,356800,17.8
1790396479.749562000,58646,356768,4.9
1790396480.370788000,58646,356640,41.6
1790396480.987860000,58646,356640,47.7
1790396481.603902000,58646,356640,46.7
1790396482.212526000,58646,356672,47.0
1790396482.839479000,58646,356672,26.4
1790396483.465624000,58646,363168,74.6
1790396484.084477000,58646,359360,60.6
1790396484.709244000,58646,359360,32.0
1790396485.344835000,58646,358944,14.6
1790396485.991587000,58646,358880,41.5
1790396486.604993000,58646,358992,25.0
1790396487.227759000,58646,358976,7.0
1790396487.864598000,58646,358944,36.2
1790396488.459658000,58646,358944,6.3
1790396489.084959000,58646,358944,15.7
1790396489.698432000,58646,360944,47.0
1790396490.325669000,58646,360272,26.4
1790396490.940407000,58646,360256,5.1
1790396491.577154000,58646,360208,4.8
1790396492.200892000,58646,360224,0.4
1790396492.811432000,58646,360176,42.8
1790396493.419866000,58646,360176,47.0
1790396494.024068000,58646,360208,35.7
1790396494.654144000,58646,360288,22.4
1790396495.310690000,58646,360176,7.5
1790396495.962822000,58646,360144,34.4
1790396496.574626000,58646,360144,45.8
1790396497.184780000,58646,360144,46.6
1790396497.789326000,58646,360080,47.1
1790396498.398062000,58646,363264,38.3
1790396499.035596000,58646,366576,79.9
1790396499.707497000,58646,359504,41.6
1790396500.338363000,58646,359952,39.7
1790396500.961816000,58646,360832,31.7
1790396501.572495000,58646,360816,17.5
1790396502.177908000,58646,360896,20.4
1790396502.793021000,58646,360880,6.1
1790396503.416357000,58646,360816,34.8
1790396504.041014000,58646,360816,3.2
1790396504.662393000,58646,360816,39.0
1790396505.270877000,58646,360320,44.8
1790396505.909517000,58646,359648,15.5
1790396506.528399000,58646,359632,22.1
1790396507.157404000,58646,359600,2.3
1790396507.785669000,58646,359488,24.2
1790396508.395423000,58646,359328,44.7
1790396509.004079000,58646,359328,46.6
1790396509.628189000,58646,359344,26.8
1790396510.296048000,58646,359296,14.0
1790396510.923414000,58646,359168,20.2
1790396511.531780000,58646,359168,44.4
1790396512.137435000,58646,359152,48.4
1790396512.755715000,58646,359152,48.0
1790396513.363607000,58646,359152,46.7
1790396513.976033000,58646,359152,42.4
1790396514.607042000,58646,365008,69.6
1790396515.467801000,58646,359728,35.4
1790396516.283492000,58646,361008,61.9
1790396516.935086000,58646,360992,7.7
1790396517.561901000,58646,361008,45.3
1790396518.189549000,58646,360080,19.1
1790396518.813720000,58646,359984,6.5
1790396519.465928000,58646,359968,24.6
1790396520.100772000,58646,343936,1.3
1790396520.923898000,58646,336656,48.5
1790396521.582301000,58646,337904,45.0
1790396522.238532000,58646,337520,6.1
1790396522.866526000,58646,337360,11.9
1790396523.473320000,58646,337312,1.0
1790396524.131462000,58646,337296,35.9
1790396524.733996000,58646,337296,45.0
1790396525.342281000,58646,337424,53.5
1790396525.968276000,58646,337520,30.8
1790396526.620829000,58646,337440,7.9
1790396527.260664000,58646,337376,31.4
1790396527.864296000,58646,337328,44.2
1790396528.472242000,58646,337328,46.9
1790396529.079532000,58646,337328,48.0
1790396529.699782000,58646,337344,51.9
1790396530.324106000,58646,346480,58.1
1790396530.959742000,58646,352896,69.0
1790396531.582465000,58646,351968,24.8
1790396532.188432000,58646,351744,52.0
1790396532.829743000,58646,352352,52.7
1790396533.464786000,58646,351936,15.7
1790396534.072487000,58646,351600,14.4
1790396534.690126000,58646,351664,27.4
1790396535.304249000,58646,351616,11.2
1790396535.952417000,58646,351568,6.2
1790396536.580928000,58646,351568,2.8
1790396537.177539000,58646,351568,24.7
1790396537.782423000,58646,351568,45.4
1790396538.384390000,58646,351456,46.7
1790396538.989915000,58646,351456,46.6
1790396539.600007000,58646,351456,47.0
1790396540.198029000,58646,353040,41.8
1790396540.816616000,58646,360576,71.8
1790396541.445952000,58646,354064,34.1
1790396542.075907000,58646,353776,32.9
1790396542.678452000,58646,354128,58.5
1790396543.322375000,58646,353648,24.5
1790396543.942907000,58646,353600,4.9
1790396544.595224000,58646,353584,20.1
1790396545.213430000,58646,353632,20.9
1790396545.826704000,58646,353520,5.3
1790396546.474591000,58646,353504,7.0
1790396547.104270000,58646,353504,0.5
1790396547.705441000,58646,353520,42.3
1790396548.311646000,58646,353392,46.3
1790396548.920912000,58646,353392,46.6
1790396549.529246000,58646,353392,45.3
1790396550.141720000,58646,353504,38.2
1790396550.754754000,58646,360320,72.0
1790396551.439352000,58646,353872,42.9
1790396552.072151000,58646,353568,16.9
1790396552.708069000,58646,352960,56.2
1790396553.374811000,58646,354112,48.3
1790396553.986463000,58646,353696,10.1
1790396554.605258000,58646,353392,30.4
1790396555.240762000,58646,353424,34.4
1790396555.862588000,58646,353376,8.8
1790396556.466769000,58646,353312,19.9
1790396557.076429000,58646,353312,1.8
1790396557.683206000,58646,353312,29.3
1790396558.287024000,58646,353248,45.2
1790396558.882946000,58646,353184,46.6
1790396559.479873000,58646,353184,46.1
1790396560.077414000,58646,353184,46.4
1790396560.685946000,58646,353184,29.2
1790396561.299000000,58646,360128,74.9
1790396561.933647000,58646,353520,40.5
1790396562.570129000,58646,352688,36.8
1790396563.187334000,58646,354032,57.1
1790396563.813237000,58646,353536,24.1
1790396564.438694000,58646,353488,4.5
1790396565.077429000,58646,353472,25.3
1790396565.823590000,58646,353488,20.3
1790396566.429476000,58646,353472,7.1
1790396567.045820000,58646,353392,21.8
1790396567.685549000,58646,353392,2.0
1790396568.320452000,58646,353328,30.0
1790396568.918829000,58646,353280,45.4
1790396569.520914000,58646,353280,47.6
1790396570.123462000,58646,353280,46.9
1790396570.730393000,58646,353280,47.6
1790396571.348889000,58646,353280,44.0
1790396571.966596000,58646,360016,72.1
1790396572.601403000,58646,353696,49.9
1790396573.240030000,58646,353712,22.0
1790396573.869826000,58646,353440,59.1
1790396574.497201000,58646,354320,45.6
1790396575.137973000,58646,353888,7.8
1790396575.780644000,58646,353600,26.5
1790396576.397066000,58646,353632,17.2
1790396577.006884000,58646,353536,6.9
1790396577.619458000,58646,353488,12.4
1790396578.247812000,58646,353488,1.2
1790396578.848438000,58646,353488,32.3
1790396579.455452000,58646,353488,42.6
1790396580.063606000,58646,338848,45.9
1790396580.828466000,58646,336512,47.5
1790396581.435451000,58646,336512,46.7
1790396582.063346000,58646,336576,48.8
1790396582.685367000,58646,337664,25.1
1790396583.305852000,58646,348112,78.3
1790396583.984765000,58646,344544,30.9
1790396584.621097000,58646,344544,3.5
1790396585.232767000,58646,344336,47.8
1790396585.856519000,58646,344544,40.0
1790396586.501559000,58646,344496,6.7
1790396587.131546000,58646,344512,27.8
1790396587.748367000,58646,344560,19.4
1790396588.367006000,58646,344496,5.9
1790396589.004824000,58646,344448,9.1
1790396589.652334000,58646,344448,0.4
1790396590.295445000,58646,344464,41.5
1790396590.897924000,58646,344400,47.8
1790396591.512763000,58646,344400,47.0
1790396592.138348000,58646,344336,46.9
1790396592.784053000,58646,344272,44.5
1790396593.394212000,58646,351280,67.9
1790396594.009889000,58646,348736,62.1
1790396594.639470000,58646,346656,22.2
1790396595.278124000,58646,346144,50.2
1790396595.932790000,58646,348688,53.8
1790396596.545748000,58646,346080,15.6
1790396597.149279000,58646,346016,8.5
1790396597.762014000,58646,346080,27.1
1790396598.407261000,58646,345952,14.9
1790396599.028415000,58646,345840,4.8
1790396599.658187000,58646,345840,3.0
1790396600.279774000,58646,345840,20.8
1790396600.876750000,58646,345840,42.6
1790396601.479242000,58646,345840,46.3
1790396602.089377000,58646,345776,47.1
1790396602.693536000,58646,345776,47.2
1790396603.303205000,58646,345776,30.0
1790396603.919479000,58646,352416,77.6
1790396604.567060000,58646,348592,31.4
1790396605.190622000,58646,348624,32.8
1790396605.801117000,58646,349760,60.2
1790396606.424842000,58646,349392,22.1
1790396607.052256000,58646,349344,5.7
1790396607.697472000,58646,349104,24.8
1790396608.308338000,58646,349136,16.1
1790396608.932101000,58646,349024,6.4
1790396609.588004000,58646,348992,4.4
1790396610.223533000,58646,348992,0.3
1790396610.833920000,58646,348928,42.4
1790396611.437933000,58646,348832,45.4
1790396612.044621000,58646,348832,47.2
1790396612.644687000,58646,348832,51.2
1790396613.268553000,58646,355952,74.8
1790396613.901413000,58646,349728,48.6
1790396614.521112000,58646,349104,19.6
1790396615.175717000,58646,350512,57.1
1790396615.806971000,58646,351872,42.2
1790396616.434933000,58646,351472,7.9
1790396617.048130000,58646,351424,22.4
1790396617.660218000,58646,351424,11.6
1790396618.310068000,58646,351376,1.0
1790396618.956400000,58646,351376,39.5
1790396619.560038000,58646,351376,46.1
1790396620.171089000,58646,351072,33.0
1790396620.811684000,58646,351136,20.6
1790396621.441647000,58646,351072,6.6
1790396622.041398000,58646,350992,35.7
1790396622.671109000,58646,350992,45.3
1790396623.285593000,58646,350992,46.0
1790396623.893790000,58646,350992,45.3
1790396624.528004000,58646,350976,39.7
1790396625.267111000,58646,348240,42.9
1790396625.883244000,58646,353472,45.9
1790396626.514192000,58646,360304,72.8
1790396627.158679000,58646,353520,15.4
1790396627.799490000,58646,353536,35.7
1790396628.421395000,58646,354208,54.1
1790396629.093434000,58646,353792,15.6
1790396629.691582000,58646,353616,18.7
1790396630.290355000,58646,353680,31.4
1790396630.954958000,58646,353312,13.2
1790396631.578692000,58646,353152,6.4
1790396632.203416000,58646,353152,3.1
1790396632.817361000,58646,353104,22.9
1790396633.458468000,58646,353104,43.9
1790396634.067594000,58646,353040,46.7
1790396634.746148000,58646,353040,47.3
1790396635.358589000,58646,353040,48.5
1790396635.969270000,58646,353040,53.5
1790396636.590161000,58646,355568,54.1
1790396637.241717000,58646,357408,57.9
1790396637.875921000,58646,352224,49.7
1790396638.493415000,58646,352224,20.3
1790396639.119732000,58646,352176,36.6
1790396639.771637000,58646,354240,55.7
1790396640.386287000,58646,336288,21.9
1790396641.135482000,58646,327024,4.9
1790396641.799166000,58646,328496,27.4
1790396642.416687000,58646,328544,13.9
1790396643.034905000,58646,328464,6.5
1790396643.684538000,58646,328384,11.3
1790396644.313359000,58646,328368,1.0
1790396644.929576000,58646,328288,36.3
1790396645.539590000,58646,328208,44.4
1790396646.171667000,58646,328176,47.6
1790396646.780240000,58646,328160,45.9
1790396647.382305000,58646,328160,47.4
1790396648.008460000,58646,329392,31.8
1790396648.663784000,58646,332512,28.8
1790396649.267627000,58646,332512,8.7
1790396649.885313000,58646,333696,53.9
1790396650.533593000,58646,345024,59.4
1790396651.169140000,58646,342272,22.7
1790396651.794870000,58646,342272,33.8
1790396652.441058000,58646,341408,45.7
1790396653.054599000,58646,341472,20.3
1790396653.662818000,58646,341408,6.8
1790396654.270476000,58646,341408,27.3
1790396654.881699000,58646,341408,2.5
1790396655.508599000,58646,341424,41.7
1790396656.138639000,58646,342992,44.4
1790396656.949617000,58646,342144,8.7
1790396657.605145000,58646,342160,16.2
1790396658.227051000,58646,342144,1.4
1790396658.867613000,58646,342128,38.4
1790396659.468226000,58646,342128,46.0
1790396660.079452000,58646,342128,46.7
1790396660.687890000,58646,342400,35.1
1790396661.305527000,58646,342448,19.8
1790396661.912799000,58646,342384,7.1
1790396662.543754000,58646,342336,27.2
1790396663.151630000,58646,342320,44.9
1790396663.753725000,58646,342336,47.1
1790396664.373237000,58646,342336,48.1
1790396664.981995000,58646,342336,46.5
1790396665.600876000,58646,340416,29.7
1790396666.223702000,58646,347696,83.4
1790396666.852169000,58646,344320,45.6
1790396667.458961000,58646,343248,15.1
1790396668.074396000,58646,344048,54.0
1790396668.717630000,58646,344768,39.3
1790396669.352954000,58646,344336,8.4
1790396669.962554000,58646,344416,13.6
1790396670.606304000,58646,344416,1.1
1790396671.242088000,58646,343952,38.7
1790396671.848126000,58646,343952,46.4
1790396672.448572000,58646,343936,45.1
1790396673.052194000,58646,343920,30.9
1790396673.680791000,58646,343968,22.4
1790396674.301131000,58646,343920,5.6
1790396674.920382000,58646,343904,33.9
1790396675.524343000,58646,343904,46.6
1790396676.132471000,58646,343824,47.2
1790396676.760764000,58646,343776,46.6
1790396677.363904000,58646,343776,46.8
1790396677.977490000,58646,341040,34.9
1790396678.595686000,58646,350688,82.0
1790396679.227302000,58646,345856,49.1
1790396679.854909000,58646,345328,17.7
1790396680.480669000,58646,346304,43.5
1790396681.115366000,58646,345952,38.6
1790396681.736152000,58646,345568,5.3
1790396682.620681000,58646,345568,3.3
1790396683.248372000,58646,345600,26.1
1790396683.859431000,58646,345552,45.3
1790396684.478209000,58646,345552,46.7
1790396685.090012000,58646,345568,51.1
1790396685.727407000,58646,345648,28.8
1790396686.351934000,58646,345488,35.1
1790396687.840499000,58646,345520,46.2
1790396688.449482000,58646,345520,46.4
1790396689.050703000,58646,345520,47.3
1790396689.658542000,58646,345488,49.6
1790396690.274980000,58646,345888,31.6
1790396690.918907000,58646,352800,81.6
1790396691.567041000,58646,347104,25.6
1790396692.201673000,58646,346400,50.7
1790396692.855606000,58646,347440,63.4
1790396693.495709000,58646,347136,51.2
1790396694.111984000,58646,347168,29.1
1790396694.743155000,58646,347120,8.2
1790396695.349648000,58646,347056,6.7
1790396696.010009000,58646,347008,0.8
1790396696.625159000,58646,347008,40.8
1790396697.222088000,58646,346592,46.0
1790396697.837004000,58646,346592,47.2
1790396698.459457000,58646,346528,47.5
1790396699.080113000,58646,346560,34.2
1790396699.727079000,58646,353632,73.4
1790396700.543150000,58646,327936,41.0
1790396701.344596000,58646,325232,2.0
1790396701.999707000,58646,325664,42.1
1790396702.631916000,58646,332736,58.1
1790396703.345932000,58646,331536,14.3
1790396703.966001000,58646,331488,18.8
1790396704.582943000,58646,331744,26.4
1790396705.299179000,58646,331744,10.8
1790396705.925047000,58646,331728,5.8
1790396706.533013000,58646,331728,3.7
1790396707.130264000,58646,331744,23.5
1790396707.732812000,58646,331680,43.3
1790396708.343008000,58646,331616,47.2
1790396708.955304000,58646,331648,47.6
1790396709.563639000,58646,331648,47.4
1790396710.171872000,58646,331840,28.1
1790396710.803511000,58646,338768,41.1
1790396711.427277000,58646,338560,43.1
1790396712.054950000,58646,342048,60.1
1790396712.677957000,58646,343552,56.5
1790396713.311510000,58646,337392,9.3
1790396713.957837000,58646,336992,12.2
1790396714.587992000,58646,335728,0.8
1790396715.197335000,58646,335264,39.9
1790396715.853237000,58646,336704,50.2
1790396716.521297000,58646,336000,11.7
1790396717.162776000,58646,335984,23.3
1790396717.788190000,58646,336048,32.7
1790396718.431271000,58646,335936,9.5
1790396719.056899000,58646,335872,15.1
1790396719.697359000,58646,335872,2.5
1790396720.305804000,58646,335904,23.5
1790396720.910985000,58646,335888,44.6
1790396721.517839000,58646,335808,47.4
1790396722.120125000,58646,335808,47.2
1790396722.722827000,58646,335808,50.5
1790396723.333791000,58646,340736,62.5
1790396723.948718000,58646,340256,55.3
1790396724.565208000,58646,339664,45.0
1790396725.204004000,58646,339280,4.1
1790396725.820548000,58646,339200,30.7
1790396726.445074000,58646,342176,48.4
1790396727.099785000,58646,340416,14.5
1790396727.744010000,58646,340224,3.9
1790396728.372949000,58646,340208,21.2
1790396728.979296000,58646,340256,25.0
1790396729.601662000,58646,340208,7.4
1790396730.223130000,58646,340128,6.7
1790396730.838007000,58646,340128,0.6
1790396731.443503000,58646,340112,38.9
1790396732.055017000,58646,340016,46.4
1790396732.655986000,58646,340016,46.7
1790396733.262326000,58646,340016,47.2
1790396733.963530000,58646,339872,34.7
1790396734.596785000,58646,348608,81.2
1790396735.240640000,58646,340096,33.7
1790396735.858069000,58646,340208,15.9
1790396736.494886000,58646,340656,54.0
1790396737.138419000,58646,341760,45.4
1790396737.787157000,58646,341328,7.8
1790396738.418677000,58646,341296,31.5
1790396739.071492000,58646,341344,23.4
1790396739.704456000,58646,341248,6.6
1790396740.322296000,58646,341200,10.8
1790396740.984396000,58646,341200,0.6
1790396741.612759000,58646,341200,40.8
1790396742.219195000,58646,341200,46.5
1790396742.831651000,58646,341136,46.8
1790396743.437776000,58646,341136,47.0
1790396744.048064000,58646,340832,56.9
1790396744.670362000,58646,342912,61.5
1790396745.307219000,58646,341136,20.6
1790396745.943810000,58646,340992,34.2
1790396746.555160000,58646,344848,63.4
1790396747.199075000,58646,345904,57.8
1790396747.828544000,58646,340816,9.3
1790396748.463088000,58646,340800,39.8
1790396749.074261000,58646,339840,40.9
1790396749.731721000,58646,339840,16.7
1790396750.356333000,58646,339792,4.1
1790396751.004820000,58646,339776,9.9
1790396751.635454000,58646,339776,0.7
1790396752.268332000,58646,342368,43.0
1790396752.889385000,58646,342976,38.6
1790396753.514263000,58646,341072,6.8
1790396754.142169000,58646,341056,8.1
1790396754.807082000,58646,341056,0.6
1790396755.431721000,58646,341008,40.4
1790396756.049149000,58646,341008,46.7
1790396756.687582000,58646,341008,45.1
1790396757.298113000,58646,341104,32.9
1790396757.926613000,58646,341072,18.3
1790396758.562171000,58646,341008,4.2
1790396759.188310000,58646,340992,2.3
1790396759.796250000,58646,340960,41.7
1790396760.405182000,58646,322976,41.1
1790396761.031958000,58646,322768,49.1
1790396761.648004000,58646,322784,46.7
1790396762.250677000,58646,320848,47.1
1790396762.948590000,58646,322688,32.9
1790396763.567483000,58646,336048,79.5
1790396764.212966000,58646,329888,41.0
1790396764.841924000,58646,329952,17.5
1790396765.471114000,58646,330208,51.8
1790396766.088908000,58646,330960,44.6
1790396766.720081000,58646,330112,6.4
1790396767.383013000,58646,330208,8.8
1790396768.026782000,58646,330208,0.7
1790396768.638523000,58646,330240,41.2
1790396769.244935000,58646,330240,44.9
1790396769.860203000,58646,330240,46.6
1790396770.491004000,58646,330256,57.3
1790396771.095837000,58646,330368,34.1
1790396771.716538000,58646,330368,12.3
1790396772.381693000,58646,330304,4.5
1790396773.013235000,58646,330272,18.9
1790396773.616124000,58646,330272,45.0
1790396774.241778000,58646,330224,49.9
1790396774.845779000,58646,330224,47.1
1790396775.450249000,58646,329744,48.0
1790396776.058090000,58646,329760,48.5
1790396776.691162000,58646,337168,78.6
1790396777.659672000,58646,331008,18.7
1790396778.306154000,58646,331040,1.5
1790396778.922012000,58646,330512,48.4
1790396779.602733000,58646,331264,31.6
1790396780.233323000,58646,331216,4.9
1790396780.862017000,58646,331216,5.4
1790396781.478387000,58646,331216,0.5
1790396782.112872000,58646,331200,42.7
1790396782.725214000,58646,330720,46.0
1790396783.366421000,58646,330720,47.7
1790396784.027933000,58646,330816,30.6
1790396784.677497000,58646,330752,11.2
1790396785.296824000,58646,330624,20.8
1790396785.907248000,58646,330688,45.0
1790396786.513672000,58646,330688,46.7
1790396787.119505000,58646,330688,45.6
1790396787.737004000,58646,330656,45.5
1790396788.352801000,58646,331344,46.2
1790396789.029775000,58646,339680,77.3
1790396789.657288000,58646,332912,29.4
1790396790.267977000,58646,331760,38.8
1790396790.922070000,58646,333648,52.9
1790396791.607862000,58646,332720,47.1
1790396792.234423000,58646,332752,24.0
1790396792.845806000,58646,332752,11.4
1790396793.466073000,58646,332576,17.3
1790396794.075689000,58646,332528,1.7
1790396794.676302000,58646,332528,33.6
1790396795.331241000,58646,332528,46.6
1790396795.934493000,58646,332544,46.2
1790396796.536510000,58646,332544,46.0
1790396797.144432000,58646,332416,54.9
1790396797.757849000,58646,336944,60.0
1790396798.375639000,58646,339120,71.9
1790396799.019452000,58646,333648,19.0
1790396799.663623000,58646,333664,41.5
1790396800.279206000,58646,334560,43.1
1790396800.904630000,58646,333600,15.2
1790396801.525055000,58646,333568,8.1
1790396802.137814000,58646,333584,3.3
1790396802.752576000,58646,333584,22.0
1790396803.380082000,58646,333584,43.7
1790396803.994911000,58646,333584,43.7
1790396804.651392000,58646,333584,48.4
1790396805.283320000,58646,333616,38.8
1790396805.952640000,58646,333616,20.6
1790396806.556701000,58646,333568,5.8
1790396807.175251000,58646,333520,36.5
1790396807.827855000,58646,333520,37.4
1790396808.566427000,58646,333520,48.4
1790396809.181403000,58646,333488,49.9
1790396809.782182000,58646,330656,52.9
1790396810.383871000,58646,334304,56.8
1790396811.005317000,58646,336784,34.3
1790396811.654748000,58646,336544,53.2
1790396812.282184000,58646,338864,73.2
1790396812.916010000,58646,339264,51.4
1790396813.539991000,58646,335808,8.3
1790396814.174319000,58646,335776,18.2
1790396814.792950000,58646,335776,1.5
1790396815.412932000,58646,335264,33.2
1790396816.047785000,58646,334352,52.6
1790396816.691594000,58646,333888,11.7
1790396817.314544000,58646,333856,29.1
1790396817.938689000,58646,333920,28.8
1790396818.566837000,58646,333888,11.2
1790396819.174448000,58646,333792,10.0
1790396819.829199000,58646,333232,2.7
1790396820.471051000,58646,283376,20.3
1790396821.140022000,58646,280832,45.2
1790396821.787373000,58646,280720,46.9
1790396822.395547000,58646,280800,47.3
1790396823.017937000,58646,280640,45.9
1790396823.627234000,58646,281216,29.2
1790396824.270453000,58646,299632,81.1
1790396824.906406000,58646,295968,44.0
1790396825.586266000,58646,295824,10.7
1790396826.187006000,58646,297200,50.8
1790396826.821945000,58646,297952,39.0
1790396827.452862000,58646,297648,7.7
1790396828.099922000,58646,297632,33.3
1790396828.733631000,58646,297712,23.7
1790396829.387837000,58646,297648,7.3
1790396830.010812000,58646,297600,10.4
1790396830.615296000,58646,297600,1.5
1790396831.215824000,58646,297600,34.3
1790396831.831329000,58646,297600,48.1
1790396832.436031000,58646,297600,48.4
1790396833.051394000,58646,297600,45.5
1790396833.660452000,58646,297536,47.5
1790396834.268873000,58646,297536,52.3
1790396834.883367000,58646,299168,52.0
1790396835.505945000,58646,297424,17.4
1790396836.130872000,58646,297408,35.5
1790396836.769588000,58646,297920,55.2
1790396837.398542000,58646,304784,59.8
1790396838.032031000,58646,300496,23.6
1790396838.670601000,58646,300464,46.1
1790396839.277559000,58646,300576,61.2
1790396839.881113000,58646,300688,31.6
1790396840.492112000,58646,300672,11.2
1790396841.092405000,58646,300624,8.9
1790396841.695891000,58646,300624,9.6
1790396842.301842000,58646,300624,0.7
1790396842.951283000,58646,300768,48.4
1790396843.586676000,58646,301728,40.7
1790396844.219122000,58646,300864,7.2
1790396844.836069000,58646,300832,9.3
1790396845.484416000,58646,300832,0.8
1790396846.100850000,58646,300816,42.1
1790396846.706784000,58646,300816,46.6
1790396847.326112000,58646,300816,47.1
1790396847.939661000,58646,300800,56.9
1790396848.546379000,58646,300960,39.0
1790396849.170164000,58646,300960,10.6
1790396849.851120000,58646,300896,4.2
1790396850.463299000,58646,300896,42.1
1790396851.064053000,58646,300944,47.5
1790396851.673927000,58646,300976,47.3
1790396852.278031000,58646,300976,46.1
1790396852.882700000,58646,300288,46.8
1790396853.491398000,58646,300848,23.1
1790396854.127928000,58646,308608,76.9
1790396854.746838000,58646,303920,24.7
1790396855.357150000,58646,302048,34.2
1790396855.978163000,58646,302784,45.7
1790396856.652147000,58646,302400,17.4
1790396857.267491000,58646,301952,3.5
1790396857.886802000,58646,301936,5.8
1790396858.502124000,58646,301936,17.8
1790396859.134917000,58646,301888,42.8
1790396859.754430000,58646,301872,39.2
1790396860.375569000,58646,301872,46.2
1790396860.979760000,58646,301904,47.0
1790396861.625505000,58646,301888,27.9
1790396862.258618000,58646,301872,8.0
1790396862.864550000,58646,301808,20.4
1790396863.472647000,58646,301808,42.6
1790396864.086824000,58646,301808,45.9
1790396864.695150000,58646,301776,46.9
1790396865.317398000,58646,301776,46.0
1790396865.920394000,58646,301536,47.9
1790396866.526440000,58646,301536,45.0
1790396867.137140000,58646,308272,61.9
1790396867.950161000,58646,304016,43.2
1790396868.563024000,58646,304080,16.5
1790396869.176129000,58646,303248,42.9
1790396869.808266000,58646,304944,43.9
1790396870.534169000,58646,303968,9.1
1790396871.158271000,58646,303952,16.3
1790396871.761337000,58646,303952,1.4
1790396872.404336000,58646,303488,33.7
1790396873.020798000,58646,303488,45.8
1790396873.626056000,58646,303488,46.7
1790396874.245079000,58646,303456,42.8
1790396874.954751000,58646,303456,21.2
1790396875.577484000,58646,303424,7.6
1790396876.201578000,58646,303360,35.7
1790396876.828560000,58646,303360,46.5
1790396877.456890000,58646,303360,47.5
1790396878.066381000,58646,303360,47.2
1790396878.677213000,58646,303376,49.1
1790396879.311117000,58646,303152,48.7
1790396879.955042000,58646,303152,49.9
1790396881.588328000,58646,280112,48.1
1790396882.202234000,58646,280096,4.3
1790396882.807528000,58646,282992,32.9
1790396883.453724000,58646,289152,63.8
1790396884.109631000,58646,288912,33.0
1790396884.775219000,58646,288704,17.4
1790396885.410136000,58646,288624,5.4
1790396886.043279000,58646,288592,2.9
1790396886.661968000,58646,288608,24.1
1790396887.274237000,58646,288624,45.4
1790396888.023058000,58646,288624,47.1
1790396888.629793000,58646,288624,46.7
1790396889.234966000,58646,288576,47.3
1790396889.840334000,58646,290896,40.9
1790396890.458663000,58646,298944,80.8
1790396891.111194000,58646,292992,28.9
1790396891.800497000,58646,293136,46.2
1790396892.409278000,58646,294304,51.4
1790396893.033168000,58646,293952,24.0
1790396893.659027000,58646,293504,3.9
1790396894.279758000,58646,293488,5.0
1790396894.900181000,58646,288784,0.5
1790396895.793537000,58646,288912,42.6
1790396896.614979000,58646,288944,39.8
1790396897.428689000,58646,288880,39.6
1790396898.288891000,58646,288880,39.2
1790396899.220797000,58646,289072,38.3
1790396900.316710000,58646,289104,13.1
1790396901.116742000,58646,288880,23.2
1790396902.173800000,58646,288400,38.4
1790396902.971390000,58646,288400,42.5
1790396903.903449000,58646,288400,33.1
1790396904.948938000,58646,288400,36.5
1790396905.756851000,58646,288400,39.0
1790396906.529200000,58646,288400,42.3
1790396907.474126000,58646,288432,48.3
1790396908.198915000,58646,296560,47.9
1790396909.044165000,58646,295552,54.9
1790396909.839184000,58646,295440,48.4
1790396910.608257000,58646,295680,21.9
1790396911.354835000,58646,295632,4.9
1790396912.113049000,58646,295632,42.1
1790396912.884535000,58646,298752,69.7
1790396913.927393000,58646,295776,27.1
1790396914.825171000,58646,294864,37.3
1790396915.564413000,58646,294896,48.4
1790396916.507641000,58646,294960,10.8
1790396917.290614000,58646,294896,40.2
1790396917.969886000,58646,294896,5.0
1790396918.669103000,58646,294896,28.4
1790396919.547004000,58646,296080,44.7
1790396920.438749000,58646,295296,10.7
1790396921.053353000,58646,294512,22.4
1790396921.660209000,58646,294512,3.0
1790396922.296691000,58646,294464,46.9
1790396923.852324000,58646,294464,46.0
1790396924.466122000,58646,294512,45.2
1790396925.088386000,58646,294528,37.1
1790396925.778874000,58646,294496,6.3
1790396926.439966000,58646,294432,27.9
1790396927.052230000,58646,294432,44.7
1790396927.655627000,58646,294432,45.7
1790396928.268260000,58646,294432,46.5
1790396928.871577000,58646,294432,46.8
1790396929.486858000,58646,294192,50.9
1790396930.107556000,58646,300992,69.1
1790396930.756028000,58646,299648,67.3
1790396931.395357000,58646,298192,20.2
1790396932.010797000,58646,298224,53.2
1790396932.630770000,58646,300096,44.5
1790396933.303524000,58646,297648,14.8
1790396933.914413000,58646,297600,4.0
1790396934.538561000,58646,297600,2.5
1790396935.184587000,58646,297520,26.6
1790396935.793134000,58646,297520,45.6
1790396936.400830000,58646,297520,49.7
1790396937.009369000,58646,297536,57.9
1790396937.630438000,58646,297616,40.4
1790396938.257856000,58646,297568,11.1
1790396938.909429000,58646,297504,4.5
1790396939.528835000,58646,297488,17.6
1790396940.457551000,58646,277968,36.9
1790396941.421908000,58646,277952,43.3
1790396942.240292000,58646,278688,30.8
1790396943.014342000,58646,278720,26.4
1790396943.910185000,58646,278864,37.0
1790396944.785286000,58646,278864,41.4
1790396945.716490000,58646,279184,26.7
1790396946.550004000,58646,279152,18.8
1790396947.449708000,58646,295008,75.6
1790396948.276652000,58646,289552,12.9
1790396949.022794000,58646,289536,42.1
1790396950.015008000,58646,290816,43.2
1790396950.983455000,58646,289968,4.7
1790396951.744981000,58646,290064,3.6
1790396952.450028000,58646,290032,25.4
1790396953.275540000,58646,289984,33.3
1790396954.152816000,58646,290016,41.4
1790396955.021602000,58646,290016,42.9
1790396955.947070000,58646,289952,24.2
1790396956.719321000,58646,290128,33.4
1790396957.750679000,58646,290096,6.6
1790396958.612032000,58646,290048,37.3
1790396959.391141000,58646,289568,41.6
1790396960.373286000,58646,289568,35.5
1790396961.194401000,58646,289568,39.2
1790396962.052403000,58646,289568,34.7
1790396962.903119000,58646,289568,37.0
1790396963.816179000,58646,289568,31.3
1790396964.950385000,58646,289600,36.1
1790396965.761530000,58646,298800,75.6
1790396966.802723000,58646,293776,17.5
1790396967.405558000,58646,293728,20.6
1790396968.019109000,58646,296016,49.9
1790396968.666334000,58646,293904,62.4
1790396969.297958000,58646,293952,24.6
1790396969.919610000,58646,293952,10.7
1790396970.540507000,58646,293840,47.2
1790396973.798018000,58646,293728,46.9
1790396974.407960000,58646,293792,49.6
1790396975.014330000,58646,297248,51.1
1790396975.640320000,58646,303264,77.3
1790396976.275404000,58646,296928,20.2
1790396976.882977000,58646,296960,41.4
1790396977.499460000,58646,296720,40.8
1790396978.126889000,58646,296272,18.3
1790396978.737785000,58646,296224,3.5
1790396979.338471000,58646,296224,3.4
1790396979.936847000,58646,296240,21.4
1790396980.556581000,58646,296192,43.2
1790396981.168063000,58646,296192,48.0
1790396981.783067000,58646,296192,52.5
1790396982.401789000,58646,296272,32.8
1790396983.024319000,58646,296224,11.8
1790396983.632301000,58646,296128,8.9
1790396984.249893000,58646,296128,44.0
1790396984.853492000,58646,296128,46.0
1790396985.460194000,58646,296128,47.2
1790396986.071719000,58646,295440,45.1
1790396986.674818000,58646,295152,50.9
1790396987.282110000,58646,298784,50.4
1790396987.906643000,58646,298448,23.7
1790396988.539843000,58646,298496,68.2
1790396989.186677000,58646,301280,63.0
1790396989.796133000,58646,297136,35.7
1790396990.438913000,58646,297104,6.9
1790396991.046494000,58646,297120,11.7
1790396991.656861000,58646,297072,0.9
1790396992.275914000,58646,296496,46.4
1790396992.892225000,58646,297792,41.8
1790396993.497601000,58646,297360,4.9
1790396994.405872000,58646,297424,24.3
1790396995.047745000,58646,297408,17.5
1790396995.684625000,58646,297360,6.4
1790396996.316119000,58646,297312,8.1
1790396996.953724000,58646,297312,0.6
1790396997.572007000,58646,296864,37.2
1790396998.182561000,58646,296288,46.2
1790396998.788433000,58646,296288,47.0
1790396999.392012000,58646,295664,43.1
1790397000.030384000,58646,290800,43.7
1790397000.873991000,58646,286304,48.1
1790397001.482940000,58646,295344,72.0
1790397002.136121000,58646,294960,52.8
1790397002.753692000,58646,294224,7.7
1790397003.404348000,58646,294064,41.3
1790397004.028090000,58646,293728,53.7
1790397004.742514000,58646,293088,11.4
1790397005.405203000,58646,293184,22.3
1790397006.020617000,58646,293296,34.2
1790397006.638641000,58646,293264,11.0
1790397007.272245000,58646,293184,16.2
1790397007.884312000,58646,293184,1.8
1790397008.501617000,58646,293184,25.6
1790397009.102911000,58646,293184,45.0
1790397009.708385000,58646,293056,47.4
1790397010.310877000,58646,293056,47.1
1790397010.917480000,58646,293056,52.6
1790397011.526046000,58646,295104,51.9
1790397012.143574000,58646,293376,19.8
1790397012.753845000,58646,293440,29.7
1790397013.376260000,58646,294480,54.2
1790397014.028727000,58646,299536,58.9
1790397014.678418000,58646,296064,25.4
1790397015.301794000,58646,294640,39.7
1790397015.911163000,58646,294656,70.5
1790397016.525060000,58646,294752,24.2
1790397017.147523000,58646,294720,6.9
1790397017.780373000,58646,294704,32.4
1790397018.425272000,58646,294704,2.8
1790397019.090632000,58646,294704,36.8
1790397019.740957000,58646,295856,41.7
1790397020.360672000,58646,295056,15.3
1790397020.995449000,58646,295056,16.9
1790397021.607751000,58646,295056,2.6
1790397022.218235000,58646,295056,23.3
1790397022.834830000,58646,295008,45.7
1790397023.438295000,58646,295008,47.0
1790397024.046094000,58646,295040,46.0
1790397024.663738000,58646,295088,28.1
1790397025.279171000,58646,294992,7.5
1790397025.887880000,58646,294928,28.2
1790397026.504338000,58646,294992,46.2
1790397027.108323000,58646,294992,47.8
1790397027.730927000,58646,294992,46.2
1790397028.361099000,58646,294992,46.5
1790397028.967752000,58646,295008,34.6
1790397029.578108000,58646,302016,72.7
1790397030.207118000,58646,296400,42.9
1790397030.823064000,58646,296416,7.9
1790397031.423877000,58646,297264,44.1
1790397032.036939000,58646,298496,45.3
1790397032.663524000,58646,296048,10.3
1790397033.271852000,58646,296016,15.3
1790397033.895158000,58646,296016,1.2
1790397034.533481000,58646,295968,10.7
1790397035.158997000,58646,295968,0.8
1790397035.757363000,58646,294880,0.0
